"Date","Source","Site ID","POC","Daily Mean Pb Concentration","UNITS","DAILY_AQI_VALUE","Site Name","DAILY_OBS_COUNT","PERCENT_COMPLETE","AQS_PARAMETER_CODE","AQS_PARAMETER_DESC","CBSA_CODE","CBSA_NAME","STATE_CODE","STATE","COUNTY_CODE","COUNTY","SITE_LATITUDE","SITE_LONGITUDE","airnowval","aqsval"
"01/02/2010","AQS","420630005","1","0.048","ug/m3 LC",".","Shelocta","1","100.0000","14129","Lead (TSP) LC","26860","Indiana, PA","42","Pennsylvania","063","Indiana","40.652511","-79.292769",".","0.048"
"01/08/2010","AQS","420630005","1","0.047","ug/m3 LC",".","Shelocta","1","100.0000","14129","Lead (TSP) LC","26860","Indiana, PA","42","Pennsylvania","063","Indiana","40.652511","-79.292769",".","0.047"
"01/14/2010","AQS","420630005","1","0.047","ug/m3 LC",".","Shelocta","1","100.0000","14129","Lead (TSP) LC","26860","Indiana, PA","42","Pennsylvania","063","Indiana","40.652511","-79.292769",".","0.047"
"01/20/2010","AQS","420630005","1","0.046","ug/m3 LC",".","Shelocta","1","100.0000","14129","Lead (TSP) LC","26860","Indiana, PA","42","Pennsylvania","063","Indiana","40.652511","-79.292769",".","0.046"
"01/26/2010","AQS","420630005","1","0.046","ug/m3 LC",".","Shelocta","1","100.0000","14129","Lead (TSP) LC","26860","Indiana, PA","42","Pennsylvania","063","Indiana","40.652511","-79.292769",".","0.046"
"02/01/2010","AQS","420630005","1","0.048","ug/m3 LC",".","Shelocta","1","100.0000","14129","Lead (TSP) LC","26860","Indiana, PA","42","Pennsylvania","063","Indiana","40.652511","-79.292769",".","0.048"
"02/07/2010","AQS","420630005","1","0.048","ug/m3 LC",".","Shelocta","1","100.0000","14129","Lead (TSP) LC","26860","Indiana, PA","42","Pennsylvania","063","Indiana","40.652511","-79.292769",".","0.048"
"02/13/2010","AQS","420630005","1","0.047","ug/m3 LC",".","Shelocta","1","100.0000","14129","Lead (TSP) LC","26860","Indiana, PA","42","Pennsylvania","063","Indiana","40.652511","-79.292769",".","0.047"
"02/19/2010","AQS","420630005","1","0.046","ug/m3 LC",".","Shelocta","1","100.0000","14129","Lead (TSP) LC","26860","Indiana, PA","42","Pennsylvania","063","Indiana","40.652511","-79.292769",".","0.046"
"02/25/2010","AQS","420630005","1","0.046","ug/m3 LC",".","Shelocta","1","100.0000","14129","Lead (TSP) LC","26860","Indiana, PA","42","Pennsylvania","063","Indiana","40.652511","-79.292769",".","0.046"
"03/03/2010","AQS","420630005","1","0.045","ug/m3 LC",".","Shelocta","1","100.0000","14129","Lead (TSP) LC","26860","Indiana, PA","42","Pennsylvania","063","Indiana","40.652511","-79.292769",".","0.045"
"03/09/2010","AQS","420630005","1","0.046","ug/m3 LC",".","Shelocta","1","100.0000","14129","Lead (TSP) LC","26860","Indiana, PA","42","Pennsylvania","063","Indiana","40.652511","-79.292769",".","0.046"
"03/15/2010","AQS","420630005","1","0.045","ug/m3 LC",".","Shelocta","1","100.0000","14129","Lead (TSP) LC","26860","Indiana, PA","42","Pennsylvania","063","Indiana","40.652511","-79.292769",".","0.045"
"03/21/2010","AQS","420630005","1","0.044","ug/m3 LC",".","Shelocta","1","100.0000","14129","Lead (TSP) LC","26860","Indiana, PA","42","Pennsylvania","063","Indiana","40.652511","-79.292769",".","0.044"
"03/27/2010","AQS","420630005","1","0.046","ug/m3 LC",".","Shelocta","1","100.0000","14129","Lead (TSP) LC","26860","Indiana, PA","42","Pennsylvania","063","Indiana","40.652511","-79.292769",".","0.046"
"04/02/2010","AQS","420630005","1","0.043","ug/m3 LC",".","Shelocta","1","100.0000","14129","Lead (TSP) LC","26860","Indiana, PA","42","Pennsylvania","063","Indiana","40.652511","-79.292769",".","0.043"
"04/08/2010","AQS","420630005","1","0.043","ug/m3 LC",".","Shelocta","1","100.0000","14129","Lead (TSP) LC","26860","Indiana, PA","42","Pennsylvania","063","Indiana","40.652511","-79.292769",".","0.043"
"04/14/2010","AQS","420630005","1","0.045","ug/m3 LC",".","Shelocta","1","100.0000","14129","Lead (TSP) LC","26860","Indiana, PA","42","Pennsylvania","063","Indiana","40.652511","-79.292769",".","0.045"
"04/20/2010","AQS","420630005","1","0.044","ug/m3 LC",".","Shelocta","1","100.0000","14129","Lead (TSP) LC","26860","Indiana, PA","42","Pennsylvania","063","Indiana","40.652511","-79.292769",".","0.044"
"04/26/2010","AQS","420630005","1","0.043","ug/m3 LC",".","Shelocta","1","100.0000","14129","Lead (TSP) LC","26860","Indiana, PA","42","Pennsylvania","063","Indiana","40.652511","-79.292769",".","0.043"
"05/02/2010","AQS","420630005","1","0.042","ug/m3 LC",".","Shelocta","1","100.0000","14129","Lead (TSP) LC","26860","Indiana, PA","42","Pennsylvania","063","Indiana","40.652511","-79.292769",".","0.042"
"05/08/2010","AQS","420630005","1","0.043","ug/m3 LC",".","Shelocta","1","100.0000","14129","Lead (TSP) LC","26860","Indiana, PA","42","Pennsylvania","063","Indiana","40.652511","-79.292769",".","0.043"
"05/14/2010","AQS","420630005","1","0.042","ug/m3 LC",".","Shelocta","1","100.0000","14129","Lead (TSP) LC","26860","Indiana, PA","42","Pennsylvania","063","Indiana","40.652511","-79.292769",".","0.042"
"05/20/2010","AQS","420630005","1","0.043","ug/m3 LC",".","Shelocta","1","100.0000","14129","Lead (TSP) LC","26860","Indiana, PA","42","Pennsylvania","063","Indiana","40.652511","-79.292769",".","0.043"
"05/26/2010","AQS","420630005","1","0.043","ug/m3 LC",".","Shelocta","1","100.0000","14129","Lead (TSP) LC","26860","Indiana, PA","42","Pennsylvania","063","Indiana","40.652511","-79.292769",".","0.043"
"06/01/2010","AQS","420630005","1","0.042","ug/m3 LC",".","Shelocta","1","100.0000","14129","Lead (TSP) LC","26860","Indiana, PA","42","Pennsylvania","063","Indiana","40.652511","-79.292769",".","0.042"
"06/07/2010","AQS","420630005","1","0.043","ug/m3 LC",".","Shelocta","1","100.0000","14129","Lead (TSP) LC","26860","Indiana, PA","42","Pennsylvania","063","Indiana","40.652511","-79.292769",".","0.043"
"06/13/2010","AQS","420630005","1","0.045","ug/m3 LC",".","Shelocta","1","100.0000","14129","Lead (TSP) LC","26860","Indiana, PA","42","Pennsylvania","063","Indiana","40.652511","-79.292769",".","0.045"
"06/19/2010","AQS","420630005","1","0.045","ug/m3 LC",".","Shelocta","1","100.0000","14129","Lead (TSP) LC","26860","Indiana, PA","42","Pennsylvania","063","Indiana","40.652511","-79.292769",".","0.045"
"06/25/2010","AQS","420630005","1","0.042","ug/m3 LC",".","Shelocta","1","100.0000","14129","Lead (TSP) LC","26860","Indiana, PA","42","Pennsylvania","063","Indiana","40.652511","-79.292769",".","0.042"
"07/07/2010","AQS","420630005","1","0.042","ug/m3 LC",".","Shelocta","1","100.0000","14129","Lead (TSP) LC","26860","Indiana, PA","42","Pennsylvania","063","Indiana","40.652511","-79.292769",".","0.042"
"07/13/2010","AQS","420630005","1","0.042","ug/m3 LC",".","Shelocta","1","100.0000","14129","Lead (TSP) LC","26860","Indiana, PA","42","Pennsylvania","063","Indiana","40.652511","-79.292769",".","0.042"
"07/19/2010","AQS","420630005","1","0.042","ug/m3 LC",".","Shelocta","1","100.0000","14129","Lead (TSP) LC","26860","Indiana, PA","42","Pennsylvania","063","Indiana","40.652511","-79.292769",".","0.042"
"07/25/2010","AQS","420630005","1","0.041","ug/m3 LC",".","Shelocta","1","100.0000","14129","Lead (TSP) LC","26860","Indiana, PA","42","Pennsylvania","063","Indiana","40.652511","-79.292769",".","0.041"
"07/31/2010","AQS","420630005","1","0.041","ug/m3 LC",".","Shelocta","1","100.0000","14129","Lead (TSP) LC","26860","Indiana, PA","42","Pennsylvania","063","Indiana","40.652511","-79.292769",".","0.041"
"08/06/2010","AQS","420630005","1","0.042","ug/m3 LC",".","Shelocta","1","100.0000","14129","Lead (TSP) LC","26860","Indiana, PA","42","Pennsylvania","063","Indiana","40.652511","-79.292769",".","0.042"
"08/12/2010","AQS","420630005","1","0.041","ug/m3 LC",".","Shelocta","1","100.0000","14129","Lead (TSP) LC","26860","Indiana, PA","42","Pennsylvania","063","Indiana","40.652511","-79.292769",".","0.041"
"08/18/2010","AQS","420630005","1","0.048","ug/m3 LC",".","Shelocta","1","100.0000","14129","Lead (TSP) LC","26860","Indiana, PA","42","Pennsylvania","063","Indiana","40.652511","-79.292769",".","0.048"
"08/24/2010","AQS","420630005","1","0.043","ug/m3 LC",".","Shelocta","1","100.0000","14129","Lead (TSP) LC","26860","Indiana, PA","42","Pennsylvania","063","Indiana","40.652511","-79.292769",".","0.043"
"09/11/2010","AQS","420630005","1","0.043","ug/m3 LC",".","Shelocta","1","100.0000","14129","Lead (TSP) LC","26860","Indiana, PA","42","Pennsylvania","063","Indiana","40.652511","-79.292769",".","0.043"
"09/23/2010","AQS","420630005","1","0.042","ug/m3 LC",".","Shelocta","1","100.0000","14129","Lead (TSP) LC","26860","Indiana, PA","42","Pennsylvania","063","Indiana","40.652511","-79.292769",".","0.042"
"09/29/2010","AQS","420630005","1","0.043","ug/m3 LC",".","Shelocta","1","100.0000","14129","Lead (TSP) LC","26860","Indiana, PA","42","Pennsylvania","063","Indiana","40.652511","-79.292769",".","0.043"
"10/05/2010","AQS","420630005","1","0.044","ug/m3 LC",".","Shelocta","1","100.0000","14129","Lead (TSP) LC","26860","Indiana, PA","42","Pennsylvania","063","Indiana","40.652511","-79.292769",".","0.044"
"10/11/2010","AQS","420630005","1","0.042","ug/m3 LC",".","Shelocta","1","100.0000","14129","Lead (TSP) LC","26860","Indiana, PA","42","Pennsylvania","063","Indiana","40.652511","-79.292769",".","0.042"
"10/17/2010","AQS","420630005","1","0.044","ug/m3 LC",".","Shelocta","1","100.0000","14129","Lead (TSP) LC","26860","Indiana, PA","42","Pennsylvania","063","Indiana","40.652511","-79.292769",".","0.044"
"10/23/2010","AQS","420630005","1","0.045","ug/m3 LC",".","Shelocta","1","100.0000","14129","Lead (TSP) LC","26860","Indiana, PA","42","Pennsylvania","063","Indiana","40.652511","-79.292769",".","0.045"
"10/29/2010","AQS","420630005","1","0.045","ug/m3 LC",".","Shelocta","1","100.0000","14129","Lead (TSP) LC","26860","Indiana, PA","42","Pennsylvania","063","Indiana","40.652511","-79.292769",".","0.045"
"11/04/2010","AQS","420630005","1","0.043","ug/m3 LC",".","Shelocta","1","100.0000","14129","Lead (TSP) LC","26860","Indiana, PA","42","Pennsylvania","063","Indiana","40.652511","-79.292769",".","0.043"
"11/10/2010","AQS","420630005","1","0.115","ug/m3 LC",".","Shelocta","1","100.0000","14129","Lead (TSP) LC","26860","Indiana, PA","42","Pennsylvania","063","Indiana","40.652511","-79.292769",".","0.115"
"11/16/2010","AQS","420630005","1","0.043","ug/m3 LC",".","Shelocta","1","100.0000","14129","Lead (TSP) LC","26860","Indiana, PA","42","Pennsylvania","063","Indiana","40.652511","-79.292769",".","0.043"
"11/22/2010","AQS","420630005","1","0.043","ug/m3 LC",".","Shelocta","1","100.0000","14129","Lead (TSP) LC","26860","Indiana, PA","42","Pennsylvania","063","Indiana","40.652511","-79.292769",".","0.043"
"11/28/2010","AQS","420630005","1","0.047","ug/m3 LC",".","Shelocta","1","100.0000","14129","Lead (TSP) LC","26860","Indiana, PA","42","Pennsylvania","063","Indiana","40.652511","-79.292769",".","0.047"
"12/10/2010","AQS","420630005","1","0.046","ug/m3 LC",".","Shelocta","1","100.0000","14129","Lead (TSP) LC","26860","Indiana, PA","42","Pennsylvania","063","Indiana","40.652511","-79.292769",".","0.046"
"12/22/2010","AQS","420630005","1","0.045","ug/m3 LC",".","Shelocta","1","100.0000","14129","Lead (TSP) LC","26860","Indiana, PA","42","Pennsylvania","063","Indiana","40.652511","-79.292769",".","0.045"
"12/28/2010","AQS","420630005","1","0.046","ug/m3 LC",".","Shelocta","1","100.0000","14129","Lead (TSP) LC","26860","Indiana, PA","42","Pennsylvania","063","Indiana","40.652511","-79.292769",".","0.046"
"01/03/2011","AQS","420630005","1","0.011","ug/m3 LC",".","Shelocta","1","100.0000","14129","Lead (TSP) LC","26860","Indiana, PA","42","Pennsylvania","063","Indiana","40.652511","-79.292769",".","0.011"
"01/09/2011","AQS","420630005","1","0.011","ug/m3 LC",".","Shelocta","1","100.0000","14129","Lead (TSP) LC","26860","Indiana, PA","42","Pennsylvania","063","Indiana","40.652511","-79.292769",".","0.011"
"01/15/2011","AQS","420630005","1","0.011","ug/m3 LC",".","Shelocta","1","100.0000","14129","Lead (TSP) LC","26860","Indiana, PA","42","Pennsylvania","063","Indiana","40.652511","-79.292769",".","0.011"
"01/21/2011","AQS","420630005","1","0.011","ug/m3 LC",".","Shelocta","1","100.0000","14129","Lead (TSP) LC","26860","Indiana, PA","42","Pennsylvania","063","Indiana","40.652511","-79.292769",".","0.011"
"01/27/2011","AQS","420630005","1","0.011","ug/m3 LC",".","Shelocta","1","100.0000","14129","Lead (TSP) LC","26860","Indiana, PA","42","Pennsylvania","063","Indiana","40.652511","-79.292769",".","0.011"
"02/02/2011","AQS","420630005","1","0.024","ug/m3 LC",".","Shelocta","1","100.0000","14129","Lead (TSP) LC","26860","Indiana, PA","42","Pennsylvania","063","Indiana","40.652511","-79.292769",".","0.024"
"02/08/2011","AQS","420630005","1","0.011","ug/m3 LC",".","Shelocta","1","100.0000","14129","Lead (TSP) LC","26860","Indiana, PA","42","Pennsylvania","063","Indiana","40.652511","-79.292769",".","0.011"
"02/14/2011","AQS","420630005","1","0.011","ug/m3 LC",".","Shelocta","1","100.0000","14129","Lead (TSP) LC","26860","Indiana, PA","42","Pennsylvania","063","Indiana","40.652511","-79.292769",".","0.011"
"02/20/2011","AQS","420630005","1","0.011","ug/m3 LC",".","Shelocta","1","100.0000","14129","Lead (TSP) LC","26860","Indiana, PA","42","Pennsylvania","063","Indiana","40.652511","-79.292769",".","0.011"
"02/26/2011","AQS","420630005","1","0.011","ug/m3 LC",".","Shelocta","1","100.0000","14129","Lead (TSP) LC","26860","Indiana, PA","42","Pennsylvania","063","Indiana","40.652511","-79.292769",".","0.011"
"03/10/2011","AQS","420630005","1","0.011","ug/m3 LC",".","Shelocta","1","100.0000","14129","Lead (TSP) LC","26860","Indiana, PA","42","Pennsylvania","063","Indiana","40.652511","-79.292769",".","0.011"
"03/22/2011","AQS","420630005","1","0.011","ug/m3 LC",".","Shelocta","1","100.0000","14129","Lead (TSP) LC","26860","Indiana, PA","42","Pennsylvania","063","Indiana","40.652511","-79.292769",".","0.011"
"04/27/2011","AQS","420630005","1","0.01","ug/m3 LC",".","Shelocta","1","100.0000","14129","Lead (TSP) LC","26860","Indiana, PA","42","Pennsylvania","063","Indiana","40.652511","-79.292769",".","0.01"
"05/03/2011","AQS","420630005","1","0.011","ug/m3 LC",".","Shelocta","1","100.0000","14129","Lead (TSP) LC","26860","Indiana, PA","42","Pennsylvania","063","Indiana","40.652511","-79.292769",".","0.011"
"05/09/2011","AQS","420630005","1","0.011","ug/m3 LC",".","Shelocta","1","100.0000","14129","Lead (TSP) LC","26860","Indiana, PA","42","Pennsylvania","063","Indiana","40.652511","-79.292769",".","0.011"
"05/15/2011","AQS","420630005","1","0.011","ug/m3 LC",".","Shelocta","1","100.0000","14129","Lead (TSP) LC","26860","Indiana, PA","42","Pennsylvania","063","Indiana","40.652511","-79.292769",".","0.011"
"05/21/2011","AQS","420630005","1","0.011","ug/m3 LC",".","Shelocta","1","100.0000","14129","Lead (TSP) LC","26860","Indiana, PA","42","Pennsylvania","063","Indiana","40.652511","-79.292769",".","0.011"
"05/27/2011","AQS","420630005","1","0.011","ug/m3 LC",".","Shelocta","1","100.0000","14129","Lead (TSP) LC","26860","Indiana, PA","42","Pennsylvania","063","Indiana","40.652511","-79.292769",".","0.011"
"06/02/2011","AQS","420630005","1","0.011","ug/m3 LC",".","Shelocta","1","100.0000","14129","Lead (TSP) LC","26860","Indiana, PA","42","Pennsylvania","063","Indiana","40.652511","-79.292769",".","0.011"
"06/08/2011","AQS","420630005","1","0.011","ug/m3 LC",".","Shelocta","1","100.0000","14129","Lead (TSP) LC","26860","Indiana, PA","42","Pennsylvania","063","Indiana","40.652511","-79.292769",".","0.011"
"06/14/2011","AQS","420630005","1","0.011","ug/m3 LC",".","Shelocta","1","100.0000","14129","Lead (TSP) LC","26860","Indiana, PA","42","Pennsylvania","063","Indiana","40.652511","-79.292769",".","0.011"
"06/20/2011","AQS","420630005","1","0.011","ug/m3 LC",".","Shelocta","1","100.0000","14129","Lead (TSP) LC","26860","Indiana, PA","42","Pennsylvania","063","Indiana","40.652511","-79.292769",".","0.011"
"06/26/2011","AQS","420630005","1","0.011","ug/m3 LC",".","Shelocta","1","100.0000","14129","Lead (TSP) LC","26860","Indiana, PA","42","Pennsylvania","063","Indiana","40.652511","-79.292769",".","0.011"
"07/02/2011","AQS","420630005","1","0.016","ug/m3 LC",".","Shelocta","1","100.0000","14129","Lead (TSP) LC","26860","Indiana, PA","42","Pennsylvania","063","Indiana","40.652511","-79.292769",".","0.016"
"07/08/2011","AQS","420630005","1","0.011","ug/m3 LC",".","Shelocta","1","100.0000","14129","Lead (TSP) LC","26860","Indiana, PA","42","Pennsylvania","063","Indiana","40.652511","-79.292769",".","0.011"
"07/14/2011","AQS","420630005","1","0.011","ug/m3 LC",".","Shelocta","1","100.0000","14129","Lead (TSP) LC","26860","Indiana, PA","42","Pennsylvania","063","Indiana","40.652511","-79.292769",".","0.011"
"07/20/2011","AQS","420630005","1","0.011","ug/m3 LC",".","Shelocta","1","100.0000","14129","Lead (TSP) LC","26860","Indiana, PA","42","Pennsylvania","063","Indiana","40.652511","-79.292769",".","0.011"
"08/01/2011","AQS","420630005","1","0.011","ug/m3 LC",".","Shelocta","1","100.0000","14129","Lead (TSP) LC","26860","Indiana, PA","42","Pennsylvania","063","Indiana","40.652511","-79.292769",".","0.011"
"08/07/2011","AQS","420630005","1","0.011","ug/m3 LC",".","Shelocta","1","100.0000","14129","Lead (TSP) LC","26860","Indiana, PA","42","Pennsylvania","063","Indiana","40.652511","-79.292769",".","0.011"
"10/30/2011","AQS","420630005","1","0.012","ug/m3 LC",".","Shelocta","1","100.0000","14129","Lead (TSP) LC","26860","Indiana, PA","42","Pennsylvania","063","Indiana","40.652511","-79.292769",".","0.012"
"11/05/2011","AQS","420630005","1","0.043","ug/m3 LC",".","Shelocta","1","100.0000","14129","Lead (TSP) LC","26860","Indiana, PA","42","Pennsylvania","063","Indiana","40.652511","-79.292769",".","0.043"
"11/11/2011","AQS","420630005","1","0.011","ug/m3 LC",".","Shelocta","1","100.0000","14129","Lead (TSP) LC","26860","Indiana, PA","42","Pennsylvania","063","Indiana","40.652511","-79.292769",".","0.011"
"11/17/2011","AQS","420630005","1","0.007","ug/m3 LC",".","Shelocta","1","100.0000","14129","Lead (TSP) LC","26860","Indiana, PA","42","Pennsylvania","063","Indiana","40.652511","-79.292769",".","0.007"
"11/23/2011","AQS","420630005","1","0.008","ug/m3 LC",".","Shelocta","1","100.0000","14129","Lead (TSP) LC","26860","Indiana, PA","42","Pennsylvania","063","Indiana","40.652511","-79.292769",".","0.008"
"12/05/2011","AQS","420630005","1","0.011","ug/m3 LC",".","Shelocta","1","100.0000","14129","Lead (TSP) LC","26860","Indiana, PA","42","Pennsylvania","063","Indiana","40.652511","-79.292769",".","0.011"
"12/11/2011","AQS","420630005","1","0.022","ug/m3 LC",".","Shelocta","1","100.0000","14129","Lead (TSP) LC","26860","Indiana, PA","42","Pennsylvania","063","Indiana","40.652511","-79.292769",".","0.022"
"12/17/2011","AQS","420630005","1","0.012","ug/m3 LC",".","Shelocta","1","100.0000","14129","Lead (TSP) LC","26860","Indiana, PA","42","Pennsylvania","063","Indiana","40.652511","-79.292769",".","0.012"
"12/23/2011","AQS","420630005","1","0.011","ug/m3 LC",".","Shelocta","1","100.0000","14129","Lead (TSP) LC","26860","Indiana, PA","42","Pennsylvania","063","Indiana","40.652511","-79.292769",".","0.011"
"12/29/2011","AQS","420630005","1","0.012","ug/m3 LC",".","Shelocta","1","100.0000","14129","Lead (TSP) LC","26860","Indiana, PA","42","Pennsylvania","063","Indiana","40.652511","-79.292769",".","0.012"
"01/10/2012","AQS","420630005","1","0.012","ug/m3 LC",".","Shelocta","1","100.0000","14129","Lead (TSP) LC","26860","Indiana, PA","42","Pennsylvania","063","Indiana","40.652511","-79.292769",".","0.012"
"01/16/2012","AQS","420630005","1","0.012","ug/m3 LC",".","Shelocta","1","100.0000","14129","Lead (TSP) LC","26860","Indiana, PA","42","Pennsylvania","063","Indiana","40.652511","-79.292769",".","0.012"
"01/22/2012","AQS","420630005","1","0.012","ug/m3 LC",".","Shelocta","1","100.0000","14129","Lead (TSP) LC","26860","Indiana, PA","42","Pennsylvania","063","Indiana","40.652511","-79.292769",".","0.012"
"01/28/2012","AQS","420630005","1","0.012","ug/m3 LC",".","Shelocta","1","100.0000","14129","Lead (TSP) LC","26860","Indiana, PA","42","Pennsylvania","063","Indiana","40.652511","-79.292769",".","0.012"
"02/03/2012","AQS","420630005","1","0.012","ug/m3 LC",".","Shelocta","1","100.0000","14129","Lead (TSP) LC","26860","Indiana, PA","42","Pennsylvania","063","Indiana","40.652511","-79.292769",".","0.012"
"02/15/2012","AQS","420630005","1","0.012","ug/m3 LC",".","Shelocta","1","100.0000","14129","Lead (TSP) LC","26860","Indiana, PA","42","Pennsylvania","063","Indiana","40.652511","-79.292769",".","0.012"
"02/21/2012","AQS","420630005","1","0.012","ug/m3 LC",".","Shelocta","1","100.0000","14129","Lead (TSP) LC","26860","Indiana, PA","42","Pennsylvania","063","Indiana","40.652511","-79.292769",".","0.012"
"02/27/2012","AQS","420630005","1","0.012","ug/m3 LC",".","Shelocta","1","100.0000","14129","Lead (TSP) LC","26860","Indiana, PA","42","Pennsylvania","063","Indiana","40.652511","-79.292769",".","0.012"
"03/04/2012","AQS","420630005","1","0.012","ug/m3 LC",".","Shelocta","1","100.0000","14129","Lead (TSP) LC","26860","Indiana, PA","42","Pennsylvania","063","Indiana","40.652511","-79.292769",".","0.012"
"03/10/2012","AQS","420630005","1","0.012","ug/m3 LC",".","Shelocta","1","100.0000","14129","Lead (TSP) LC","26860","Indiana, PA","42","Pennsylvania","063","Indiana","40.652511","-79.292769",".","0.012"
"03/16/2012","AQS","420630005","1","0.082","ug/m3 LC",".","Shelocta","1","100.0000","14129","Lead (TSP) LC","26860","Indiana, PA","42","Pennsylvania","063","Indiana","40.652511","-79.292769",".","0.082"
"03/28/2012","AQS","420630005","1","0.011","ug/m3 LC",".","Shelocta","1","100.0000","14129","Lead (TSP) LC","26860","Indiana, PA","42","Pennsylvania","063","Indiana","40.652511","-79.292769",".","0.011"
"04/03/2012","AQS","420630005","1","0.011","ug/m3 LC",".","Shelocta","1","100.0000","14129","Lead (TSP) LC","26860","Indiana, PA","42","Pennsylvania","063","Indiana","40.652511","-79.292769",".","0.011"
"04/09/2012","AQS","420630005","1","0.011","ug/m3 LC",".","Shelocta","1","100.0000","14129","Lead (TSP) LC","26860","Indiana, PA","42","Pennsylvania","063","Indiana","40.652511","-79.292769",".","0.011"
"04/15/2012","AQS","420630005","1","0.011","ug/m3 LC",".","Shelocta","1","100.0000","14129","Lead (TSP) LC","26860","Indiana, PA","42","Pennsylvania","063","Indiana","40.652511","-79.292769",".","0.011"
"04/21/2012","AQS","420630005","1","0.011","ug/m3 LC",".","Shelocta","1","100.0000","14129","Lead (TSP) LC","26860","Indiana, PA","42","Pennsylvania","063","Indiana","40.652511","-79.292769",".","0.011"
"04/27/2012","AQS","420630005","1","0.011","ug/m3 LC",".","Shelocta","1","100.0000","14129","Lead (TSP) LC","26860","Indiana, PA","42","Pennsylvania","063","Indiana","40.652511","-79.292769",".","0.011"
"05/03/2012","AQS","420630005","1","0.011","ug/m3 LC",".","Shelocta","1","100.0000","14129","Lead (TSP) LC","26860","Indiana, PA","42","Pennsylvania","063","Indiana","40.652511","-79.292769",".","0.011"
"05/09/2012","AQS","420630005","1","0.011","ug/m3 LC",".","Shelocta","1","100.0000","14129","Lead (TSP) LC","26860","Indiana, PA","42","Pennsylvania","063","Indiana","40.652511","-79.292769",".","0.011"
"05/15/2012","AQS","420630005","1","0.011","ug/m3 LC",".","Shelocta","1","100.0000","14129","Lead (TSP) LC","26860","Indiana, PA","42","Pennsylvania","063","Indiana","40.652511","-79.292769",".","0.011"
"05/21/2012","AQS","420630005","1","0.011","ug/m3 LC",".","Shelocta","1","100.0000","14129","Lead (TSP) LC","26860","Indiana, PA","42","Pennsylvania","063","Indiana","40.652511","-79.292769",".","0.011"
"05/27/2012","AQS","420630005","1","0.075","ug/m3 LC",".","Shelocta","1","100.0000","14129","Lead (TSP) LC","26860","Indiana, PA","42","Pennsylvania","063","Indiana","40.652511","-79.292769",".","0.075"
"06/02/2012","AQS","420630005","1","0.01","ug/m3 LC",".","Shelocta","1","100.0000","14129","Lead (TSP) LC","26860","Indiana, PA","42","Pennsylvania","063","Indiana","40.652511","-79.292769",".","0.01"
"06/08/2012","AQS","420630005","1","0.01","ug/m3 LC",".","Shelocta","1","100.0000","14129","Lead (TSP) LC","26860","Indiana, PA","42","Pennsylvania","063","Indiana","40.652511","-79.292769",".","0.01"
"06/14/2012","AQS","420630005","1","0.011","ug/m3 LC",".","Shelocta","1","100.0000","14129","Lead (TSP) LC","26860","Indiana, PA","42","Pennsylvania","063","Indiana","40.652511","-79.292769",".","0.011"
"06/26/2012","AQS","420630005","1","0.072","ug/m3 LC",".","Shelocta","1","100.0000","14129","Lead (TSP) LC","26860","Indiana, PA","42","Pennsylvania","063","Indiana","40.652511","-79.292769",".","0.072"
"07/02/2012","AQS","420630005","1","0.011","ug/m3 LC",".","Shelocta","1","100.0000","14129","Lead (TSP) LC","26860","Indiana, PA","42","Pennsylvania","063","Indiana","40.652511","-79.292769",".","0.011"
"07/08/2012","AQS","420630005","1","0.011","ug/m3 LC",".","Shelocta","1","100.0000","14129","Lead (TSP) LC","26860","Indiana, PA","42","Pennsylvania","063","Indiana","40.652511","-79.292769",".","0.011"
"07/14/2012","AQS","420630005","1","0.011","ug/m3 LC",".","Shelocta","1","100.0000","14129","Lead (TSP) LC","26860","Indiana, PA","42","Pennsylvania","063","Indiana","40.652511","-79.292769",".","0.011"
"07/20/2012","AQS","420630005","1","0.011","ug/m3 LC",".","Shelocta","1","100.0000","14129","Lead (TSP) LC","26860","Indiana, PA","42","Pennsylvania","063","Indiana","40.652511","-79.292769",".","0.011"
"08/01/2012","AQS","420630005","1","0.011","ug/m3 LC",".","Shelocta","1","100.0000","14129","Lead (TSP) LC","26860","Indiana, PA","42","Pennsylvania","063","Indiana","40.652511","-79.292769",".","0.011"
"08/07/2012","AQS","420630005","1","0.011","ug/m3 LC",".","Shelocta","1","100.0000","14129","Lead (TSP) LC","26860","Indiana, PA","42","Pennsylvania","063","Indiana","40.652511","-79.292769",".","0.011"
"08/13/2012","AQS","420630005","1","0.011","ug/m3 LC",".","Shelocta","1","100.0000","14129","Lead (TSP) LC","26860","Indiana, PA","42","Pennsylvania","063","Indiana","40.652511","-79.292769",".","0.011"
"08/19/2012","AQS","420630005","1","0.011","ug/m3 LC",".","Shelocta","1","100.0000","14129","Lead (TSP) LC","26860","Indiana, PA","42","Pennsylvania","063","Indiana","40.652511","-79.292769",".","0.011"
"08/25/2012","AQS","420630005","1","0.01","ug/m3 LC",".","Shelocta","1","100.0000","14129","Lead (TSP) LC","26860","Indiana, PA","42","Pennsylvania","063","Indiana","40.652511","-79.292769",".","0.01"
"08/31/2012","AQS","420630005","1","0.011","ug/m3 LC",".","Shelocta","1","100.0000","14129","Lead (TSP) LC","26860","Indiana, PA","42","Pennsylvania","063","Indiana","40.652511","-79.292769",".","0.011"
"09/06/2012","AQS","420630005","1","0.011","ug/m3 LC",".","Shelocta","1","100.0000","14129","Lead (TSP) LC","26860","Indiana, PA","42","Pennsylvania","063","Indiana","40.652511","-79.292769",".","0.011"
"09/12/2012","AQS","420630005","1","0.011","ug/m3 LC",".","Shelocta","1","100.0000","14129","Lead (TSP) LC","26860","Indiana, PA","42","Pennsylvania","063","Indiana","40.652511","-79.292769",".","0.011"
"09/18/2012","AQS","420630005","1","0.011","ug/m3 LC",".","Shelocta","1","100.0000","14129","Lead (TSP) LC","26860","Indiana, PA","42","Pennsylvania","063","Indiana","40.652511","-79.292769",".","0.011"
"09/24/2012","AQS","420630005","1","0.011","ug/m3 LC",".","Shelocta","1","100.0000","14129","Lead (TSP) LC","26860","Indiana, PA","42","Pennsylvania","063","Indiana","40.652511","-79.292769",".","0.011"
"09/30/2012","AQS","420630005","1","0.011","ug/m3 LC",".","Shelocta","1","100.0000","14129","Lead (TSP) LC","26860","Indiana, PA","42","Pennsylvania","063","Indiana","40.652511","-79.292769",".","0.011"
"10/06/2012","AQS","420630005","1","0.012","ug/m3 LC",".","Shelocta","1","100.0000","14129","Lead (TSP) LC","26860","Indiana, PA","42","Pennsylvania","063","Indiana","40.652511","-79.292769",".","0.012"
"10/12/2012","AQS","420630005","1","0.011","ug/m3 LC",".","Shelocta","1","100.0000","14129","Lead (TSP) LC","26860","Indiana, PA","42","Pennsylvania","063","Indiana","40.652511","-79.292769",".","0.011"
"10/18/2012","AQS","420630005","1","0.011","ug/m3 LC",".","Shelocta","1","100.0000","14129","Lead (TSP) LC","26860","Indiana, PA","42","Pennsylvania","063","Indiana","40.652511","-79.292769",".","0.011"
"10/24/2012","AQS","420630005","1","0.011","ug/m3 LC",".","Shelocta","1","100.0000","14129","Lead (TSP) LC","26860","Indiana, PA","42","Pennsylvania","063","Indiana","40.652511","-79.292769",".","0.011"
"10/30/2012","AQS","420630005","1","0.011","ug/m3 LC",".","Shelocta","1","100.0000","14129","Lead (TSP) LC","26860","Indiana, PA","42","Pennsylvania","063","Indiana","40.652511","-79.292769",".","0.011"
"11/05/2012","AQS","420630005","1","0.012","ug/m3 LC",".","Shelocta","1","100.0000","14129","Lead (TSP) LC","26860","Indiana, PA","42","Pennsylvania","063","Indiana","40.652511","-79.292769",".","0.012"
"11/11/2012","AQS","420630005","1","0.011","ug/m3 LC",".","Shelocta","1","100.0000","14129","Lead (TSP) LC","26860","Indiana, PA","42","Pennsylvania","063","Indiana","40.652511","-79.292769",".","0.011"
"11/17/2012","AQS","420630005","1","0.012","ug/m3 LC",".","Shelocta","1","100.0000","14129","Lead (TSP) LC","26860","Indiana, PA","42","Pennsylvania","063","Indiana","40.652511","-79.292769",".","0.012"
"11/23/2012","AQS","420630005","1","0.011","ug/m3 LC",".","Shelocta","1","100.0000","14129","Lead (TSP) LC","26860","Indiana, PA","42","Pennsylvania","063","Indiana","40.652511","-79.292769",".","0.011"
"11/29/2012","AQS","420630005","1","0.012","ug/m3 LC",".","Shelocta","1","100.0000","14129","Lead (TSP) LC","26860","Indiana, PA","42","Pennsylvania","063","Indiana","40.652511","-79.292769",".","0.012"
"12/05/2012","AQS","420630005","1","0.012","ug/m3 LC",".","Shelocta","1","100.0000","14129","Lead (TSP) LC","26860","Indiana, PA","42","Pennsylvania","063","Indiana","40.652511","-79.292769",".","0.012"
"12/11/2012","AQS","420630005","1","0.012","ug/m3 LC",".","Shelocta","1","100.0000","14129","Lead (TSP) LC","26860","Indiana, PA","42","Pennsylvania","063","Indiana","40.652511","-79.292769",".","0.012"
"12/17/2012","AQS","420630005","1","0.011","ug/m3 LC",".","Shelocta","1","100.0000","14129","Lead (TSP) LC","26860","Indiana, PA","42","Pennsylvania","063","Indiana","40.652511","-79.292769",".","0.011"
"12/23/2012","AQS","420630005","1","0.012","ug/m3 LC",".","Shelocta","1","100.0000","14129","Lead (TSP) LC","26860","Indiana, PA","42","Pennsylvania","063","Indiana","40.652511","-79.292769",".","0.012"
"12/29/2012","AQS","420630005","1","0.012","ug/m3 LC",".","Shelocta","1","100.0000","14129","Lead (TSP) LC","26860","Indiana, PA","42","Pennsylvania","063","Indiana","40.652511","-79.292769",".","0.012"
"01/04/2013","AQS","420630005","1","0.012","ug/m3 LC",".","Shelocta","1","100.0000","14129","Lead (TSP) LC","26860","Indiana, PA","42","Pennsylvania","063","Indiana","40.652511","-79.292769",".","0.012"
"01/10/2013","AQS","420630005","1","0.012","ug/m3 LC",".","Shelocta","1","100.0000","14129","Lead (TSP) LC","26860","Indiana, PA","42","Pennsylvania","063","Indiana","40.652511","-79.292769",".","0.012"
"01/16/2013","AQS","420630005","1","0.012","ug/m3 LC",".","Shelocta","1","100.0000","14129","Lead (TSP) LC","26860","Indiana, PA","42","Pennsylvania","063","Indiana","40.652511","-79.292769",".","0.012"
"01/22/2013","AQS","420630005","1","0.012","ug/m3 LC",".","Shelocta","1","100.0000","14129","Lead (TSP) LC","26860","Indiana, PA","42","Pennsylvania","063","Indiana","40.652511","-79.292769",".","0.012"
"02/03/2013","AQS","420630005","1","0.01","ug/m3 LC",".","Shelocta","1","100.0000","14129","Lead (TSP) LC","26860","Indiana, PA","42","Pennsylvania","063","Indiana","40.652511","-79.292769",".","0.01"
"02/09/2013","AQS","420630005","1","0.01","ug/m3 LC",".","Shelocta","1","100.0000","14129","Lead (TSP) LC","26860","Indiana, PA","42","Pennsylvania","063","Indiana","40.652511","-79.292769",".","0.01"
"02/15/2013","AQS","420630005","1","0.01","ug/m3 LC",".","Shelocta","1","100.0000","14129","Lead (TSP) LC","26860","Indiana, PA","42","Pennsylvania","063","Indiana","40.652511","-79.292769",".","0.01"
"02/21/2013","AQS","420630005","1","0.01","ug/m3 LC",".","Shelocta","1","100.0000","14129","Lead (TSP) LC","26860","Indiana, PA","42","Pennsylvania","063","Indiana","40.652511","-79.292769",".","0.01"
"02/27/2013","AQS","420630005","1","0.01","ug/m3 LC",".","Shelocta","1","100.0000","14129","Lead (TSP) LC","26860","Indiana, PA","42","Pennsylvania","063","Indiana","40.652511","-79.292769",".","0.01"
"03/05/2013","AQS","420630005","1","0.01","ug/m3 LC",".","Shelocta","1","100.0000","14129","Lead (TSP) LC","26860","Indiana, PA","42","Pennsylvania","063","Indiana","40.652511","-79.292769",".","0.01"
"03/17/2013","AQS","420630005","1","0.01","ug/m3 LC",".","Shelocta","1","100.0000","14129","Lead (TSP) LC","26860","Indiana, PA","42","Pennsylvania","063","Indiana","40.652511","-79.292769",".","0.01"
"03/29/2013","AQS","420630005","1","0.01","ug/m3 LC",".","Shelocta","1","100.0000","14129","Lead (TSP) LC","26860","Indiana, PA","42","Pennsylvania","063","Indiana","40.652511","-79.292769",".","0.01"
"04/10/2013","AQS","420630005","1","0.01","ug/m3 LC",".","Shelocta","1","100.0000","14129","Lead (TSP) LC","26860","Indiana, PA","42","Pennsylvania","063","Indiana","40.652511","-79.292769",".","0.01"
"04/16/2013","AQS","420630005","1","0.01","ug/m3 LC",".","Shelocta","1","100.0000","14129","Lead (TSP) LC","26860","Indiana, PA","42","Pennsylvania","063","Indiana","40.652511","-79.292769",".","0.01"
"04/22/2013","AQS","420630005","1","0.009","ug/m3 LC",".","Shelocta","1","100.0000","14129","Lead (TSP) LC","26860","Indiana, PA","42","Pennsylvania","063","Indiana","40.652511","-79.292769",".","0.009"
"04/28/2013","AQS","420630005","1","0.01","ug/m3 LC",".","Shelocta","1","100.0000","14129","Lead (TSP) LC","26860","Indiana, PA","42","Pennsylvania","063","Indiana","40.652511","-79.292769",".","0.01"
"05/04/2013","AQS","420630005","1","0.01","ug/m3 LC",".","Shelocta","1","100.0000","14129","Lead (TSP) LC","26860","Indiana, PA","42","Pennsylvania","063","Indiana","40.652511","-79.292769",".","0.01"
"05/10/2013","AQS","420630005","1","0.01","ug/m3 LC",".","Shelocta","1","100.0000","14129","Lead (TSP) LC","26860","Indiana, PA","42","Pennsylvania","063","Indiana","40.652511","-79.292769",".","0.01"
"05/16/2013","AQS","420630005","1","0.01","ug/m3 LC",".","Shelocta","1","100.0000","14129","Lead (TSP) LC","26860","Indiana, PA","42","Pennsylvania","063","Indiana","40.652511","-79.292769",".","0.01"
"05/22/2013","AQS","420630005","1","0.01","ug/m3 LC",".","Shelocta","1","100.0000","14129","Lead (TSP) LC","26860","Indiana, PA","42","Pennsylvania","063","Indiana","40.652511","-79.292769",".","0.01"
"05/28/2013","AQS","420630005","1","0.01","ug/m3 LC",".","Shelocta","1","100.0000","14129","Lead (TSP) LC","26860","Indiana, PA","42","Pennsylvania","063","Indiana","40.652511","-79.292769",".","0.01"
"06/03/2013","AQS","420630005","1","0.01","ug/m3 LC",".","Shelocta","1","100.0000","14129","Lead (TSP) LC","26860","Indiana, PA","42","Pennsylvania","063","Indiana","40.652511","-79.292769",".","0.01"
"06/09/2013","AQS","420630005","1","0.01","ug/m3 LC",".","Shelocta","1","100.0000","14129","Lead (TSP) LC","26860","Indiana, PA","42","Pennsylvania","063","Indiana","40.652511","-79.292769",".","0.01"
"06/15/2013","AQS","420630005","1","0.01","ug/m3 LC",".","Shelocta","1","100.0000","14129","Lead (TSP) LC","26860","Indiana, PA","42","Pennsylvania","063","Indiana","40.652511","-79.292769",".","0.01"
"06/21/2013","AQS","420630005","1","0.01","ug/m3 LC",".","Shelocta","1","100.0000","14129","Lead (TSP) LC","26860","Indiana, PA","42","Pennsylvania","063","Indiana","40.652511","-79.292769",".","0.01"
"06/27/2013","AQS","420630005","1","0.01","ug/m3 LC",".","Shelocta","1","100.0000","14129","Lead (TSP) LC","26860","Indiana, PA","42","Pennsylvania","063","Indiana","40.652511","-79.292769",".","0.01"
"07/03/2013","AQS","420630005","1","0.01","ug/m3 LC",".","Shelocta","1","100.0000","14129","Lead (TSP) LC","26860","Indiana, PA","42","Pennsylvania","063","Indiana","40.652511","-79.292769",".","0.01"
"07/09/2013","AQS","420630005","1","0.01","ug/m3 LC",".","Shelocta","1","100.0000","14129","Lead (TSP) LC","26860","Indiana, PA","42","Pennsylvania","063","Indiana","40.652511","-79.292769",".","0.01"
"07/15/2013","AQS","420630005","1","0.01","ug/m3 LC",".","Shelocta","1","100.0000","14129","Lead (TSP) LC","26860","Indiana, PA","42","Pennsylvania","063","Indiana","40.652511","-79.292769",".","0.01"
"07/21/2013","AQS","420630005","1","0.01","ug/m3 LC",".","Shelocta","1","100.0000","14129","Lead (TSP) LC","26860","Indiana, PA","42","Pennsylvania","063","Indiana","40.652511","-79.292769",".","0.01"
"07/27/2013","AQS","420630005","1","0.01","ug/m3 LC",".","Shelocta","1","100.0000","14129","Lead (TSP) LC","26860","Indiana, PA","42","Pennsylvania","063","Indiana","40.652511","-79.292769",".","0.01"
"08/02/2013","AQS","420630005","1","0.01","ug/m3 LC",".","Shelocta","1","100.0000","14129","Lead (TSP) LC","26860","Indiana, PA","42","Pennsylvania","063","Indiana","40.652511","-79.292769",".","0.01"
"08/08/2013","AQS","420630005","1","0.01","ug/m3 LC",".","Shelocta","1","100.0000","14129","Lead (TSP) LC","26860","Indiana, PA","42","Pennsylvania","063","Indiana","40.652511","-79.292769",".","0.01"
"08/14/2013","AQS","420630005","1","0.01","ug/m3 LC",".","Shelocta","1","100.0000","14129","Lead (TSP) LC","26860","Indiana, PA","42","Pennsylvania","063","Indiana","40.652511","-79.292769",".","0.01"
"08/20/2013","AQS","420630005","1","0.01","ug/m3 LC",".","Shelocta","1","100.0000","14129","Lead (TSP) LC","26860","Indiana, PA","42","Pennsylvania","063","Indiana","40.652511","-79.292769",".","0.01"
"08/26/2013","AQS","420630005","1","0.01","ug/m3 LC",".","Shelocta","1","100.0000","14129","Lead (TSP) LC","26860","Indiana, PA","42","Pennsylvania","063","Indiana","40.652511","-79.292769",".","0.01"
"09/01/2013","AQS","420630005","1","0.01","ug/m3 LC",".","Shelocta","1","100.0000","14129","Lead (TSP) LC","26860","Indiana, PA","42","Pennsylvania","063","Indiana","40.652511","-79.292769",".","0.01"
"09/07/2013","AQS","420630005","1","0.01","ug/m3 LC",".","Shelocta","1","100.0000","14129","Lead (TSP) LC","26860","Indiana, PA","42","Pennsylvania","063","Indiana","40.652511","-79.292769",".","0.01"
"09/19/2013","AQS","420630005","1","0.01","ug/m3 LC",".","Shelocta","1","100.0000","14129","Lead (TSP) LC","26860","Indiana, PA","42","Pennsylvania","063","Indiana","40.652511","-79.292769",".","0.01"
"09/25/2013","AQS","420630005","1","0.01","ug/m3 LC",".","Shelocta","1","100.0000","14129","Lead (TSP) LC","26860","Indiana, PA","42","Pennsylvania","063","Indiana","40.652511","-79.292769",".","0.01"
"10/01/2013","AQS","420630005","1","0.01","ug/m3 LC",".","Shelocta","1","100.0000","14129","Lead (TSP) LC","26860","Indiana, PA","42","Pennsylvania","063","Indiana","40.652511","-79.292769",".","0.01"
"10/07/2013","AQS","420630005","1","0.01","ug/m3 LC",".","Shelocta","1","100.0000","14129","Lead (TSP) LC","26860","Indiana, PA","42","Pennsylvania","063","Indiana","40.652511","-79.292769",".","0.01"
"10/13/2013","AQS","420630005","1","0.01","ug/m3 LC",".","Shelocta","1","100.0000","14129","Lead (TSP) LC","26860","Indiana, PA","42","Pennsylvania","063","Indiana","40.652511","-79.292769",".","0.01"
"10/19/2013","AQS","420630005","1","0.01","ug/m3 LC",".","Shelocta","1","100.0000","14129","Lead (TSP) LC","26860","Indiana, PA","42","Pennsylvania","063","Indiana","40.652511","-79.292769",".","0.01"
"10/25/2013","AQS","420630005","1","0.01","ug/m3 LC",".","Shelocta","1","100.0000","14129","Lead (TSP) LC","26860","Indiana, PA","42","Pennsylvania","063","Indiana","40.652511","-79.292769",".","0.01"
"10/31/2013","AQS","420630005","1","0.01","ug/m3 LC",".","Shelocta","1","100.0000","14129","Lead (TSP) LC","26860","Indiana, PA","42","Pennsylvania","063","Indiana","40.652511","-79.292769",".","0.01"
"11/06/2013","AQS","420630005","1","0.01","ug/m3 LC",".","Shelocta","1","100.0000","14129","Lead (TSP) LC","26860","Indiana, PA","42","Pennsylvania","063","Indiana","40.652511","-79.292769",".","0.01"
"11/12/2013","AQS","420630005","1","0.01","ug/m3 LC",".","Shelocta","1","100.0000","14129","Lead (TSP) LC","26860","Indiana, PA","42","Pennsylvania","063","Indiana","40.652511","-79.292769",".","0.01"
"11/18/2013","AQS","420630005","1","0.01","ug/m3 LC",".","Shelocta","1","100.0000","14129","Lead (TSP) LC","26860","Indiana, PA","42","Pennsylvania","063","Indiana","40.652511","-79.292769",".","0.01"
"11/24/2013","AQS","420630005","1","0.01","ug/m3 LC",".","Shelocta","1","100.0000","14129","Lead (TSP) LC","26860","Indiana, PA","42","Pennsylvania","063","Indiana","40.652511","-79.292769",".","0.01"
"11/30/2013","AQS","420630005","1","0.01","ug/m3 LC",".","Shelocta","1","100.0000","14129","Lead (TSP) LC","26860","Indiana, PA","42","Pennsylvania","063","Indiana","40.652511","-79.292769",".","0.01"
"12/06/2013","AQS","420630005","1","0.01","ug/m3 LC",".","Shelocta","1","100.0000","14129","Lead (TSP) LC","26860","Indiana, PA","42","Pennsylvania","063","Indiana","40.652511","-79.292769",".","0.01"
"12/12/2013","AQS","420630005","1","0.01","ug/m3 LC",".","Shelocta","1","100.0000","14129","Lead (TSP) LC","26860","Indiana, PA","42","Pennsylvania","063","Indiana","40.652511","-79.292769",".","0.01"
"12/18/2013","AQS","420630005","1","0.01","ug/m3 LC",".","Shelocta","1","100.0000","14129","Lead (TSP) LC","26860","Indiana, PA","42","Pennsylvania","063","Indiana","40.652511","-79.292769",".","0.01"
"12/24/2013","AQS","420630005","1","0.01","ug/m3 LC",".","Shelocta","1","100.0000","14129","Lead (TSP) LC","26860","Indiana, PA","42","Pennsylvania","063","Indiana","40.652511","-79.292769",".","0.01"
"12/30/2013","AQS","420630005","1","0.01","ug/m3 LC",".","Shelocta","1","100.0000","14129","Lead (TSP) LC","26860","Indiana, PA","42","Pennsylvania","063","Indiana","40.652511","-79.292769",".","0.01"
"01/05/2014","AQS","420630005","1","0.01","ug/m3 LC",".","Shelocta","1","100.0000","14129","Lead (TSP) LC","26860","Indiana, PA","42","Pennsylvania","063","Indiana","40.652511","-79.292769",".","0.01"
"01/11/2014","AQS","420630005","1","0.01","ug/m3 LC",".","Shelocta","1","100.0000","14129","Lead (TSP) LC","26860","Indiana, PA","42","Pennsylvania","063","Indiana","40.652511","-79.292769",".","0.01"
"01/17/2014","AQS","420630005","1","0.01","ug/m3 LC",".","Shelocta","1","100.0000","14129","Lead (TSP) LC","26860","Indiana, PA","42","Pennsylvania","063","Indiana","40.652511","-79.292769",".","0.01"
"01/23/2014","AQS","420630005","1","0.011","ug/m3 LC",".","Shelocta","1","100.0000","14129","Lead (TSP) LC","26860","Indiana, PA","42","Pennsylvania","063","Indiana","40.652511","-79.292769",".","0.011"
"01/29/2014","AQS","420630005","1","0.01","ug/m3 LC",".","Shelocta","1","100.0000","14129","Lead (TSP) LC","26860","Indiana, PA","42","Pennsylvania","063","Indiana","40.652511","-79.292769",".","0.01"
"02/04/2014","AQS","420630005","1","0.01","ug/m3 LC",".","Shelocta","1","100.0000","14129","Lead (TSP) LC","26860","Indiana, PA","42","Pennsylvania","063","Indiana","40.652511","-79.292769",".","0.01"
"02/10/2014","AQS","420630005","1","0.012","ug/m3 LC",".","Shelocta","1","100.0000","14129","Lead (TSP) LC","26860","Indiana, PA","42","Pennsylvania","063","Indiana","40.652511","-79.292769",".","0.012"
"02/16/2014","AQS","420630005","1","0.01","ug/m3 LC",".","Shelocta","1","100.0000","14129","Lead (TSP) LC","26860","Indiana, PA","42","Pennsylvania","063","Indiana","40.652511","-79.292769",".","0.01"
"02/22/2014","AQS","420630005","1","0.015","ug/m3 LC",".","Shelocta","1","100.0000","14129","Lead (TSP) LC","26860","Indiana, PA","42","Pennsylvania","063","Indiana","40.652511","-79.292769",".","0.015"
"02/28/2014","AQS","420630005","1","0.01","ug/m3 LC",".","Shelocta","1","100.0000","14129","Lead (TSP) LC","26860","Indiana, PA","42","Pennsylvania","063","Indiana","40.652511","-79.292769",".","0.01"
"03/06/2014","AQS","420630005","1","0.01","ug/m3 LC",".","Shelocta","1","100.0000","14129","Lead (TSP) LC","26860","Indiana, PA","42","Pennsylvania","063","Indiana","40.652511","-79.292769",".","0.01"
"03/12/2014","AQS","420630005","1","0.01","ug/m3 LC",".","Shelocta","1","100.0000","14129","Lead (TSP) LC","26860","Indiana, PA","42","Pennsylvania","063","Indiana","40.652511","-79.292769",".","0.01"
"03/18/2014","AQS","420630005","1","0.01","ug/m3 LC",".","Shelocta","1","100.0000","14129","Lead (TSP) LC","26860","Indiana, PA","42","Pennsylvania","063","Indiana","40.652511","-79.292769",".","0.01"
"03/24/2014","AQS","420630005","1","0.01","ug/m3 LC",".","Shelocta","1","100.0000","14129","Lead (TSP) LC","26860","Indiana, PA","42","Pennsylvania","063","Indiana","40.652511","-79.292769",".","0.01"
"03/30/2014","AQS","420630005","1","0.01","ug/m3 LC",".","Shelocta","1","100.0000","14129","Lead (TSP) LC","26860","Indiana, PA","42","Pennsylvania","063","Indiana","40.652511","-79.292769",".","0.01"
"04/05/2014","AQS","420630005","1","0.01","ug/m3 LC",".","Shelocta","1","100.0000","14129","Lead (TSP) LC","26860","Indiana, PA","42","Pennsylvania","063","Indiana","40.652511","-79.292769",".","0.01"
"04/11/2014","AQS","420630005","1","0.01","ug/m3 LC",".","Shelocta","1","100.0000","14129","Lead (TSP) LC","26860","Indiana, PA","42","Pennsylvania","063","Indiana","40.652511","-79.292769",".","0.01"
"04/17/2014","AQS","420630005","1","0.01","ug/m3 LC",".","Shelocta","1","100.0000","14129","Lead (TSP) LC","26860","Indiana, PA","42","Pennsylvania","063","Indiana","40.652511","-79.292769",".","0.01"
"04/23/2014","AQS","420630005","1","0.01","ug/m3 LC",".","Shelocta","1","100.0000","14129","Lead (TSP) LC","26860","Indiana, PA","42","Pennsylvania","063","Indiana","40.652511","-79.292769",".","0.01"
"04/29/2014","AQS","420630005","1","0.01","ug/m3 LC",".","Shelocta","1","100.0000","14129","Lead (TSP) LC","26860","Indiana, PA","42","Pennsylvania","063","Indiana","40.652511","-79.292769",".","0.01"
"05/05/2014","AQS","420630005","1","0.01","ug/m3 LC",".","Shelocta","1","100.0000","14129","Lead (TSP) LC","26860","Indiana, PA","42","Pennsylvania","063","Indiana","40.652511","-79.292769",".","0.01"
"05/11/2014","AQS","420630005","1","0.01","ug/m3 LC",".","Shelocta","1","100.0000","14129","Lead (TSP) LC","26860","Indiana, PA","42","Pennsylvania","063","Indiana","40.652511","-79.292769",".","0.01"
"05/23/2014","AQS","420630005","1","0.01","ug/m3 LC",".","Shelocta","1","100.0000","14129","Lead (TSP) LC","26860","Indiana, PA","42","Pennsylvania","063","Indiana","40.652511","-79.292769",".","0.01"
"05/29/2014","AQS","420630005","1","0.01","ug/m3 LC",".","Shelocta","1","100.0000","14129","Lead (TSP) LC","26860","Indiana, PA","42","Pennsylvania","063","Indiana","40.652511","-79.292769",".","0.01"
"06/04/2014","AQS","420630005","1","0.01","ug/m3 LC",".","Shelocta","1","100.0000","14129","Lead (TSP) LC","26860","Indiana, PA","42","Pennsylvania","063","Indiana","40.652511","-79.292769",".","0.01"
"06/10/2014","AQS","420630005","1","0.01","ug/m3 LC",".","Shelocta","1","100.0000","14129","Lead (TSP) LC","26860","Indiana, PA","42","Pennsylvania","063","Indiana","40.652511","-79.292769",".","0.01"
"06/16/2014","AQS","420630005","1","0.01","ug/m3 LC",".","Shelocta","1","100.0000","14129","Lead (TSP) LC","26860","Indiana, PA","42","Pennsylvania","063","Indiana","40.652511","-79.292769",".","0.01"
"06/22/2014","AQS","420630005","1","0.01","ug/m3 LC",".","Shelocta","1","100.0000","14129","Lead (TSP) LC","26860","Indiana, PA","42","Pennsylvania","063","Indiana","40.652511","-79.292769",".","0.01"
"06/28/2014","AQS","420630005","1","0.01","ug/m3 LC",".","Shelocta","1","100.0000","14129","Lead (TSP) LC","26860","Indiana, PA","42","Pennsylvania","063","Indiana","40.652511","-79.292769",".","0.01"
"07/04/2014","AQS","420630005","1","0.01","ug/m3 LC",".","Shelocta","1","100.0000","14129","Lead (TSP) LC","26860","Indiana, PA","42","Pennsylvania","063","Indiana","40.652511","-79.292769",".","0.01"
"07/10/2014","AQS","420630005","1","0.01","ug/m3 LC",".","Shelocta","1","100.0000","14129","Lead (TSP) LC","26860","Indiana, PA","42","Pennsylvania","063","Indiana","40.652511","-79.292769",".","0.01"
"07/16/2014","AQS","420630005","1","0.01","ug/m3 LC",".","Shelocta","1","100.0000","14129","Lead (TSP) LC","26860","Indiana, PA","42","Pennsylvania","063","Indiana","40.652511","-79.292769",".","0.01"
"07/22/2014","AQS","420630005","1","0.01","ug/m3 LC",".","Shelocta","1","100.0000","14129","Lead (TSP) LC","26860","Indiana, PA","42","Pennsylvania","063","Indiana","40.652511","-79.292769",".","0.01"
"07/28/2014","AQS","420630005","1","0.01","ug/m3 LC",".","Shelocta","1","100.0000","14129","Lead (TSP) LC","26860","Indiana, PA","42","Pennsylvania","063","Indiana","40.652511","-79.292769",".","0.01"
"08/03/2014","AQS","420630005","1","0.01","ug/m3 LC",".","Shelocta","1","100.0000","14129","Lead (TSP) LC","26860","Indiana, PA","42","Pennsylvania","063","Indiana","40.652511","-79.292769",".","0.01"
"08/09/2014","AQS","420630005","1","0.01","ug/m3 LC",".","Shelocta","1","100.0000","14129","Lead (TSP) LC","26860","Indiana, PA","42","Pennsylvania","063","Indiana","40.652511","-79.292769",".","0.01"
"08/15/2014","AQS","420630005","1","0.01","ug/m3 LC",".","Shelocta","1","100.0000","14129","Lead (TSP) LC","26860","Indiana, PA","42","Pennsylvania","063","Indiana","40.652511","-79.292769",".","0.01"
"08/21/2014","AQS","420630005","1","0.01","ug/m3 LC",".","Shelocta","1","100.0000","14129","Lead (TSP) LC","26860","Indiana, PA","42","Pennsylvania","063","Indiana","40.652511","-79.292769",".","0.01"
"08/27/2014","AQS","420630005","1","0.01","ug/m3 LC",".","Shelocta","1","100.0000","14129","Lead (TSP) LC","26860","Indiana, PA","42","Pennsylvania","063","Indiana","40.652511","-79.292769",".","0.01"
"09/02/2014","AQS","420630005","1","0.01","ug/m3 LC",".","Shelocta","1","100.0000","14129","Lead (TSP) LC","26860","Indiana, PA","42","Pennsylvania","063","Indiana","40.652511","-79.292769",".","0.01"
"09/08/2014","AQS","420630005","1","0.01","ug/m3 LC",".","Shelocta","1","100.0000","14129","Lead (TSP) LC","26860","Indiana, PA","42","Pennsylvania","063","Indiana","40.652511","-79.292769",".","0.01"
"09/14/2014","AQS","420630005","1","0.01","ug/m3 LC",".","Shelocta","1","100.0000","14129","Lead (TSP) LC","26860","Indiana, PA","42","Pennsylvania","063","Indiana","40.652511","-79.292769",".","0.01"
"09/20/2014","AQS","420630005","1","0.01","ug/m3 LC",".","Shelocta","1","100.0000","14129","Lead (TSP) LC","26860","Indiana, PA","42","Pennsylvania","063","Indiana","40.652511","-79.292769",".","0.01"
"09/26/2014","AQS","420630005","1","0.01","ug/m3 LC",".","Shelocta","1","100.0000","14129","Lead (TSP) LC","26860","Indiana, PA","42","Pennsylvania","063","Indiana","40.652511","-79.292769",".","0.01"
"10/02/2014","AQS","420630005","1","0.01","ug/m3 LC",".","Shelocta","1","100.0000","14129","Lead (TSP) LC","26860","Indiana, PA","42","Pennsylvania","063","Indiana","40.652511","-79.292769",".","0.01"
"10/08/2014","AQS","420630005","1","0.01","ug/m3 LC",".","Shelocta","1","100.0000","14129","Lead (TSP) LC","26860","Indiana, PA","42","Pennsylvania","063","Indiana","40.652511","-79.292769",".","0.01"
"10/14/2014","AQS","420630005","1","0.01","ug/m3 LC",".","Shelocta","1","100.0000","14129","Lead (TSP) LC","26860","Indiana, PA","42","Pennsylvania","063","Indiana","40.652511","-79.292769",".","0.01"
"10/20/2014","AQS","420630005","1","0.01","ug/m3 LC",".","Shelocta","1","100.0000","14129","Lead (TSP) LC","26860","Indiana, PA","42","Pennsylvania","063","Indiana","40.652511","-79.292769",".","0.01"
"10/26/2014","AQS","420630005","1","0.01","ug/m3 LC",".","Shelocta","1","100.0000","14129","Lead (TSP) LC","26860","Indiana, PA","42","Pennsylvania","063","Indiana","40.652511","-79.292769",".","0.01"
"11/01/2014","AQS","420630005","1","0.01","ug/m3 LC",".","Shelocta","1","100.0000","14129","Lead (TSP) LC","26860","Indiana, PA","42","Pennsylvania","063","Indiana","40.652511","-79.292769",".","0.01"
"11/07/2014","AQS","420630005","1","0.01","ug/m3 LC",".","Shelocta","1","100.0000","14129","Lead (TSP) LC","26860","Indiana, PA","42","Pennsylvania","063","Indiana","40.652511","-79.292769",".","0.01"
"11/13/2014","AQS","420630005","1","0.01","ug/m3 LC",".","Shelocta","1","100.0000","14129","Lead (TSP) LC","26860","Indiana, PA","42","Pennsylvania","063","Indiana","40.652511","-79.292769",".","0.01"
"11/19/2014","AQS","420630005","1","0.01","ug/m3 LC",".","Shelocta","1","100.0000","14129","Lead (TSP) LC","26860","Indiana, PA","42","Pennsylvania","063","Indiana","40.652511","-79.292769",".","0.01"
"11/25/2014","AQS","420630005","1","0.01","ug/m3 LC",".","Shelocta","1","100.0000","14129","Lead (TSP) LC","26860","Indiana, PA","42","Pennsylvania","063","Indiana","40.652511","-79.292769",".","0.01"
"12/01/2014","AQS","420630005","1","0.01","ug/m3 LC",".","Shelocta","1","100.0000","14129","Lead (TSP) LC","26860","Indiana, PA","42","Pennsylvania","063","Indiana","40.652511","-79.292769",".","0.01"
"12/07/2014","AQS","420630005","1","0.01","ug/m3 LC",".","Shelocta","1","100.0000","14129","Lead (TSP) LC","26860","Indiana, PA","42","Pennsylvania","063","Indiana","40.652511","-79.292769",".","0.01"
"12/13/2014","AQS","420630005","1","0.01","ug/m3 LC",".","Shelocta","1","100.0000","14129","Lead (TSP) LC","26860","Indiana, PA","42","Pennsylvania","063","Indiana","40.652511","-79.292769",".","0.01"
"12/19/2014","AQS","420630005","1","0.01","ug/m3 LC",".","Shelocta","1","100.0000","14129","Lead (TSP) LC","26860","Indiana, PA","42","Pennsylvania","063","Indiana","40.652511","-79.292769",".","0.01"
"12/25/2014","AQS","420630005","1","0.01","ug/m3 LC",".","Shelocta","1","100.0000","14129","Lead (TSP) LC","26860","Indiana, PA","42","Pennsylvania","063","Indiana","40.652511","-79.292769",".","0.01"
"12/31/2014","AQS","420630005","1","0.01","ug/m3 LC",".","Shelocta","1","100.0000","14129","Lead (TSP) LC","26860","Indiana, PA","42","Pennsylvania","063","Indiana","40.652511","-79.292769",".","0.01"
"01/06/2015","AQS","420630005","1","0.01","ug/m3 LC",".","Shelocta","1","100.0000","14129","Lead (TSP) LC","26860","Indiana, PA","42","Pennsylvania","063","Indiana","40.652511","-79.292769",".","0.01"
"01/12/2015","AQS","420630005","1","0.01","ug/m3 LC",".","Shelocta","1","100.0000","14129","Lead (TSP) LC","26860","Indiana, PA","42","Pennsylvania","063","Indiana","40.652511","-79.292769",".","0.01"
"01/18/2015","AQS","420630005","1","0.01","ug/m3 LC",".","Shelocta","1","100.0000","14129","Lead (TSP) LC","26860","Indiana, PA","42","Pennsylvania","063","Indiana","40.652511","-79.292769",".","0.01"
"01/24/2015","AQS","420630005","1","0.01","ug/m3 LC",".","Shelocta","1","100.0000","14129","Lead (TSP) LC","26860","Indiana, PA","42","Pennsylvania","063","Indiana","40.652511","-79.292769",".","0.01"
"01/30/2015","AQS","420630005","1","0.01","ug/m3 LC",".","Shelocta","1","100.0000","14129","Lead (TSP) LC","26860","Indiana, PA","42","Pennsylvania","063","Indiana","40.652511","-79.292769",".","0.01"
"02/05/2015","AQS","420630005","1","0.01","ug/m3 LC",".","Shelocta","1","100.0000","14129","Lead (TSP) LC","26860","Indiana, PA","42","Pennsylvania","063","Indiana","40.652511","-79.292769",".","0.01"
"02/17/2015","AQS","420630005","1","0.01","ug/m3 LC",".","Shelocta","1","100.0000","14129","Lead (TSP) LC","26860","Indiana, PA","42","Pennsylvania","063","Indiana","40.652511","-79.292769",".","0.01"
"02/23/2015","AQS","420630005","1","0.01","ug/m3 LC",".","Shelocta","1","100.0000","14129","Lead (TSP) LC","26860","Indiana, PA","42","Pennsylvania","063","Indiana","40.652511","-79.292769",".","0.01"
"03/01/2015","AQS","420630005","1","0.01","ug/m3 LC",".","Shelocta","1","100.0000","14129","Lead (TSP) LC","26860","Indiana, PA","42","Pennsylvania","063","Indiana","40.652511","-79.292769",".","0.01"
"03/07/2015","AQS","420630005","1","0.01","ug/m3 LC",".","Shelocta","1","100.0000","14129","Lead (TSP) LC","26860","Indiana, PA","42","Pennsylvania","063","Indiana","40.652511","-79.292769",".","0.01"
"03/13/2015","AQS","420630005","1","0.01","ug/m3 LC",".","Shelocta","1","100.0000","14129","Lead (TSP) LC","26860","Indiana, PA","42","Pennsylvania","063","Indiana","40.652511","-79.292769",".","0.01"
"03/19/2015","AQS","420630005","1","0.01","ug/m3 LC",".","Shelocta","1","100.0000","14129","Lead (TSP) LC","26860","Indiana, PA","42","Pennsylvania","063","Indiana","40.652511","-79.292769",".","0.01"
"03/25/2015","AQS","420630005","1","0.01","ug/m3 LC",".","Shelocta","1","100.0000","14129","Lead (TSP) LC","26860","Indiana, PA","42","Pennsylvania","063","Indiana","40.652511","-79.292769",".","0.01"
"03/31/2015","AQS","420630005","1","0.01","ug/m3 LC",".","Shelocta","1","100.0000","14129","Lead (TSP) LC","26860","Indiana, PA","42","Pennsylvania","063","Indiana","40.652511","-79.292769",".","0.01"
"04/06/2015","AQS","420630005","1","0.01","ug/m3 LC",".","Shelocta","1","100.0000","14129","Lead (TSP) LC","26860","Indiana, PA","42","Pennsylvania","063","Indiana","40.652511","-79.292769",".","0.01"
"04/12/2015","AQS","420630005","1","0.01","ug/m3 LC",".","Shelocta","1","100.0000","14129","Lead (TSP) LC","26860","Indiana, PA","42","Pennsylvania","063","Indiana","40.652511","-79.292769",".","0.01"
"04/18/2015","AQS","420630005","1","0.01","ug/m3 LC",".","Shelocta","1","100.0000","14129","Lead (TSP) LC","26860","Indiana, PA","42","Pennsylvania","063","Indiana","40.652511","-79.292769",".","0.01"
"04/24/2015","AQS","420630005","1","0.01","ug/m3 LC",".","Shelocta","1","100.0000","14129","Lead (TSP) LC","26860","Indiana, PA","42","Pennsylvania","063","Indiana","40.652511","-79.292769",".","0.01"
"04/30/2015","AQS","420630005","1","0.01","ug/m3 LC",".","Shelocta","1","100.0000","14129","Lead (TSP) LC","26860","Indiana, PA","42","Pennsylvania","063","Indiana","40.652511","-79.292769",".","0.01"
"05/06/2015","AQS","420630005","1","0.01","ug/m3 LC",".","Shelocta","1","100.0000","14129","Lead (TSP) LC","26860","Indiana, PA","42","Pennsylvania","063","Indiana","40.652511","-79.292769",".","0.01"
"05/12/2015","AQS","420630005","1","0.01","ug/m3 LC",".","Shelocta","1","100.0000","14129","Lead (TSP) LC","26860","Indiana, PA","42","Pennsylvania","063","Indiana","40.652511","-79.292769",".","0.01"
"05/18/2015","AQS","420630005","1","0.01","ug/m3 LC",".","Shelocta","1","100.0000","14129","Lead (TSP) LC","26860","Indiana, PA","42","Pennsylvania","063","Indiana","40.652511","-79.292769",".","0.01"
"05/24/2015","AQS","420630005","1","0.01","ug/m3 LC",".","Shelocta","1","100.0000","14129","Lead (TSP) LC","26860","Indiana, PA","42","Pennsylvania","063","Indiana","40.652511","-79.292769",".","0.01"
"05/30/2015","AQS","420630005","1","0.01","ug/m3 LC",".","Shelocta","1","100.0000","14129","Lead (TSP) LC","26860","Indiana, PA","42","Pennsylvania","063","Indiana","40.652511","-79.292769",".","0.01"
"06/05/2015","AQS","420630005","1","0.01","ug/m3 LC",".","Shelocta","1","100.0000","14129","Lead (TSP) LC","26860","Indiana, PA","42","Pennsylvania","063","Indiana","40.652511","-79.292769",".","0.01"
"06/11/2015","AQS","420630005","1","0.01","ug/m3 LC",".","Shelocta","1","100.0000","14129","Lead (TSP) LC","26860","Indiana, PA","42","Pennsylvania","063","Indiana","40.652511","-79.292769",".","0.01"
"06/17/2015","AQS","420630005","1","0.01","ug/m3 LC",".","Shelocta","1","100.0000","14129","Lead (TSP) LC","26860","Indiana, PA","42","Pennsylvania","063","Indiana","40.652511","-79.292769",".","0.01"
"06/29/2015","AQS","420630005","1","0.01","ug/m3 LC",".","Shelocta","1","100.0000","14129","Lead (TSP) LC","26860","Indiana, PA","42","Pennsylvania","063","Indiana","40.652511","-79.292769",".","0.01"
"07/05/2015","AQS","420630005","1","0.01","ug/m3 LC",".","Shelocta","1","100.0000","14129","Lead (TSP) LC","26860","Indiana, PA","42","Pennsylvania","063","Indiana","40.652511","-79.292769",".","0.01"
"07/17/2015","AQS","420630005","1","0.01","ug/m3 LC",".","Shelocta","1","100.0000","14129","Lead (TSP) LC","26860","Indiana, PA","42","Pennsylvania","063","Indiana","40.652511","-79.292769",".","0.01"
"07/23/2015","AQS","420630005","1","0.01","ug/m3 LC",".","Shelocta","1","100.0000","14129","Lead (TSP) LC","26860","Indiana, PA","42","Pennsylvania","063","Indiana","40.652511","-79.292769",".","0.01"
"07/29/2015","AQS","420630005","1","0.01","ug/m3 LC",".","Shelocta","1","100.0000","14129","Lead (TSP) LC","26860","Indiana, PA","42","Pennsylvania","063","Indiana","40.652511","-79.292769",".","0.01"
"08/04/2015","AQS","420630005","1","0.01","ug/m3 LC",".","Shelocta","1","100.0000","14129","Lead (TSP) LC","26860","Indiana, PA","42","Pennsylvania","063","Indiana","40.652511","-79.292769",".","0.01"
"08/10/2015","AQS","420630005","1","0.01","ug/m3 LC",".","Shelocta","1","100.0000","14129","Lead (TSP) LC","26860","Indiana, PA","42","Pennsylvania","063","Indiana","40.652511","-79.292769",".","0.01"
"08/16/2015","AQS","420630005","1","0.01","ug/m3 LC",".","Shelocta","1","100.0000","14129","Lead (TSP) LC","26860","Indiana, PA","42","Pennsylvania","063","Indiana","40.652511","-79.292769",".","0.01"
"08/22/2015","AQS","420630005","1","0.01","ug/m3 LC",".","Shelocta","1","100.0000","14129","Lead (TSP) LC","26860","Indiana, PA","42","Pennsylvania","063","Indiana","40.652511","-79.292769",".","0.01"
"08/28/2015","AQS","420630005","1","0.01","ug/m3 LC",".","Shelocta","1","100.0000","14129","Lead (TSP) LC","26860","Indiana, PA","42","Pennsylvania","063","Indiana","40.652511","-79.292769",".","0.01"
"09/03/2015","AQS","420630005","1","0.01","ug/m3 LC",".","Shelocta","1","100.0000","14129","Lead (TSP) LC","26860","Indiana, PA","42","Pennsylvania","063","Indiana","40.652511","-79.292769",".","0.01"
"09/09/2015","AQS","420630005","1","0.01","ug/m3 LC",".","Shelocta","1","100.0000","14129","Lead (TSP) LC","26860","Indiana, PA","42","Pennsylvania","063","Indiana","40.652511","-79.292769",".","0.01"
"09/15/2015","AQS","420630005","1","0.01","ug/m3 LC",".","Shelocta","1","100.0000","14129","Lead (TSP) LC","26860","Indiana, PA","42","Pennsylvania","063","Indiana","40.652511","-79.292769",".","0.01"
"09/21/2015","AQS","420630005","1","0.01","ug/m3 LC",".","Shelocta","1","100.0000","14129","Lead (TSP) LC","26860","Indiana, PA","42","Pennsylvania","063","Indiana","40.652511","-79.292769",".","0.01"
"09/27/2015","AQS","420630005","1","0.01","ug/m3 LC",".","Shelocta","1","100.0000","14129","Lead (TSP) LC","26860","Indiana, PA","42","Pennsylvania","063","Indiana","40.652511","-79.292769",".","0.01"
"10/03/2015","AQS","420630005","1","0.01","ug/m3 LC",".","Shelocta","1","100.0000","14129","Lead (TSP) LC","26860","Indiana, PA","42","Pennsylvania","063","Indiana","40.652511","-79.292769",".","0.01"
"10/09/2015","AQS","420630005","1","0.01","ug/m3 LC",".","Shelocta","1","100.0000","14129","Lead (TSP) LC","26860","Indiana, PA","42","Pennsylvania","063","Indiana","40.652511","-79.292769",".","0.01"
"10/15/2015","AQS","420630005","1","0.01","ug/m3 LC",".","Shelocta","1","100.0000","14129","Lead (TSP) LC","26860","Indiana, PA","42","Pennsylvania","063","Indiana","40.652511","-79.292769",".","0.01"
"10/21/2015","AQS","420630005","1","0.01","ug/m3 LC",".","Shelocta","1","100.0000","14129","Lead (TSP) LC","26860","Indiana, PA","42","Pennsylvania","063","Indiana","40.652511","-79.292769",".","0.01"
"10/27/2015","AQS","420630005","1","0.01","ug/m3 LC",".","Shelocta","1","100.0000","14129","Lead (TSP) LC","26860","Indiana, PA","42","Pennsylvania","063","Indiana","40.652511","-79.292769",".","0.01"
"11/02/2015","AQS","420630005","1","0.01","ug/m3 LC",".","Shelocta","1","100.0000","14129","Lead (TSP) LC","26860","Indiana, PA","42","Pennsylvania","063","Indiana","40.652511","-79.292769",".","0.01"
"11/08/2015","AQS","420630005","1","0.01","ug/m3 LC",".","Shelocta","1","100.0000","14129","Lead (TSP) LC","26860","Indiana, PA","42","Pennsylvania","063","Indiana","40.652511","-79.292769",".","0.01"
"11/14/2015","AQS","420630005","1","0.01","ug/m3 LC",".","Shelocta","1","100.0000","14129","Lead (TSP) LC","26860","Indiana, PA","42","Pennsylvania","063","Indiana","40.652511","-79.292769",".","0.01"
"11/20/2015","AQS","420630005","1","0.01","ug/m3 LC",".","Shelocta","1","100.0000","14129","Lead (TSP) LC","26860","Indiana, PA","42","Pennsylvania","063","Indiana","40.652511","-79.292769",".","0.01"
"11/26/2015","AQS","420630005","1","0.01","ug/m3 LC",".","Shelocta","1","100.0000","14129","Lead (TSP) LC","26860","Indiana, PA","42","Pennsylvania","063","Indiana","40.652511","-79.292769",".","0.01"
"12/02/2015","AQS","420630005","1","0.01","ug/m3 LC",".","Shelocta","1","100.0000","14129","Lead (TSP) LC","26860","Indiana, PA","42","Pennsylvania","063","Indiana","40.652511","-79.292769",".","0.01"
"12/08/2015","AQS","420630005","1","0.01","ug/m3 LC",".","Shelocta","1","100.0000","14129","Lead (TSP) LC","26860","Indiana, PA","42","Pennsylvania","063","Indiana","40.652511","-79.292769",".","0.01"
"12/14/2015","AQS","420630005","1","0.01","ug/m3 LC",".","Shelocta","1","100.0000","14129","Lead (TSP) LC","26860","Indiana, PA","42","Pennsylvania","063","Indiana","40.652511","-79.292769",".","0.01"
"12/20/2015","AQS","420630005","1","0.01","ug/m3 LC",".","Shelocta","1","100.0000","14129","Lead (TSP) LC","26860","Indiana, PA","42","Pennsylvania","063","Indiana","40.652511","-79.292769",".","0.01"
"12/26/2015","AQS","420630005","1","0.01","ug/m3 LC",".","Shelocta","1","100.0000","14129","Lead (TSP) LC","26860","Indiana, PA","42","Pennsylvania","063","Indiana","40.652511","-79.292769",".","0.01"
"01/01/2016","AQS","420630005","1","0.01","ug/m3 LC",".","Shelocta","1","100.0000","14129","Lead (TSP) LC","26860","Indiana, PA","42","Pennsylvania","063","Indiana","40.652511","-79.292769",".","0.01"
"01/07/2016","AQS","420630005","1","0.01","ug/m3 LC",".","Shelocta","1","100.0000","14129","Lead (TSP) LC","26860","Indiana, PA","42","Pennsylvania","063","Indiana","40.652511","-79.292769",".","0.01"
"01/13/2016","AQS","420630005","1","0.01","ug/m3 LC",".","Shelocta","1","100.0000","14129","Lead (TSP) LC","26860","Indiana, PA","42","Pennsylvania","063","Indiana","40.652511","-79.292769",".","0.01"
"01/19/2016","AQS","420630005","1","0.01","ug/m3 LC",".","Shelocta","1","100.0000","14129","Lead (TSP) LC","26860","Indiana, PA","42","Pennsylvania","063","Indiana","40.652511","-79.292769",".","0.01"
"01/25/2016","AQS","420630005","1","0.01","ug/m3 LC",".","Shelocta","1","100.0000","14129","Lead (TSP) LC","26860","Indiana, PA","42","Pennsylvania","063","Indiana","40.652511","-79.292769",".","0.01"
"01/31/2016","AQS","420630005","1","0.01","ug/m3 LC",".","Shelocta","1","100.0000","14129","Lead (TSP) LC","26860","Indiana, PA","42","Pennsylvania","063","Indiana","40.652511","-79.292769",".","0.01"
"02/06/2016","AQS","420630005","1","0.01","ug/m3 LC",".","Shelocta","1","100.0000","14129","Lead (TSP) LC","26860","Indiana, PA","42","Pennsylvania","063","Indiana","40.652511","-79.292769",".","0.01"
"02/12/2016","AQS","420630005","1","0.01","ug/m3 LC",".","Shelocta","1","100.0000","14129","Lead (TSP) LC","26860","Indiana, PA","42","Pennsylvania","063","Indiana","40.652511","-79.292769",".","0.01"
"02/18/2016","AQS","420630005","1","0.01","ug/m3 LC",".","Shelocta","1","100.0000","14129","Lead (TSP) LC","26860","Indiana, PA","42","Pennsylvania","063","Indiana","40.652511","-79.292769",".","0.01"
"02/24/2016","AQS","420630005","1","0.01","ug/m3 LC",".","Shelocta","1","100.0000","14129","Lead (TSP) LC","26860","Indiana, PA","42","Pennsylvania","063","Indiana","40.652511","-79.292769",".","0.01"
"03/01/2016","AQS","420630005","1","0.01","ug/m3 LC",".","Shelocta","1","100.0000","14129","Lead (TSP) LC","26860","Indiana, PA","42","Pennsylvania","063","Indiana","40.652511","-79.292769",".","0.01"
"03/07/2016","AQS","420630005","1","0.01","ug/m3 LC",".","Shelocta","1","100.0000","14129","Lead (TSP) LC","26860","Indiana, PA","42","Pennsylvania","063","Indiana","40.652511","-79.292769",".","0.01"
"03/13/2016","AQS","420630005","1","0.01","ug/m3 LC",".","Shelocta","1","100.0000","14129","Lead (TSP) LC","26860","Indiana, PA","42","Pennsylvania","063","Indiana","40.652511","-79.292769",".","0.01"
"03/19/2016","AQS","420630005","1","0.01","ug/m3 LC",".","Shelocta","1","100.0000","14129","Lead (TSP) LC","26860","Indiana, PA","42","Pennsylvania","063","Indiana","40.652511","-79.292769",".","0.01"
"03/31/2016","AQS","420630005","1","0.01","ug/m3 LC",".","Shelocta","1","100.0000","14129","Lead (TSP) LC","26860","Indiana, PA","42","Pennsylvania","063","Indiana","40.652511","-79.292769",".","0.01"
"04/06/2016","AQS","420630005","1","0.01","ug/m3 LC",".","Shelocta","1","100.0000","14129","Lead (TSP) LC","26860","Indiana, PA","42","Pennsylvania","063","Indiana","40.652511","-79.292769",".","0.01"
"04/12/2016","AQS","420630005","1","0.01","ug/m3 LC",".","Shelocta","1","100.0000","14129","Lead (TSP) LC","26860","Indiana, PA","42","Pennsylvania","063","Indiana","40.652511","-79.292769",".","0.01"
"04/18/2016","AQS","420630005","1","0.01","ug/m3 LC",".","Shelocta","1","100.0000","14129","Lead (TSP) LC","26860","Indiana, PA","42","Pennsylvania","063","Indiana","40.652511","-79.292769",".","0.01"
"04/24/2016","AQS","420630005","1","0.01","ug/m3 LC",".","Shelocta","1","100.0000","14129","Lead (TSP) LC","26860","Indiana, PA","42","Pennsylvania","063","Indiana","40.652511","-79.292769",".","0.01"
"04/30/2016","AQS","420630005","1","0.01","ug/m3 LC",".","Shelocta","1","100.0000","14129","Lead (TSP) LC","26860","Indiana, PA","42","Pennsylvania","063","Indiana","40.652511","-79.292769",".","0.01"
"05/06/2016","AQS","420630005","1","0.01","ug/m3 LC",".","Shelocta","1","100.0000","14129","Lead (TSP) LC","26860","Indiana, PA","42","Pennsylvania","063","Indiana","40.652511","-79.292769",".","0.01"
"05/12/2016","AQS","420630005","1","0.01","ug/m3 LC",".","Shelocta","1","100.0000","14129","Lead (TSP) LC","26860","Indiana, PA","42","Pennsylvania","063","Indiana","40.652511","-79.292769",".","0.01"
"05/18/2016","AQS","420630005","1","0.01","ug/m3 LC",".","Shelocta","1","100.0000","14129","Lead (TSP) LC","26860","Indiana, PA","42","Pennsylvania","063","Indiana","40.652511","-79.292769",".","0.01"
"05/24/2016","AQS","420630005","1","0.01","ug/m3 LC",".","Shelocta","1","100.0000","14129","Lead (TSP) LC","26860","Indiana, PA","42","Pennsylvania","063","Indiana","40.652511","-79.292769",".","0.01"
"05/30/2016","AQS","420630005","1","0.01","ug/m3 LC",".","Shelocta","1","100.0000","14129","Lead (TSP) LC","26860","Indiana, PA","42","Pennsylvania","063","Indiana","40.652511","-79.292769",".","0.01"
"06/05/2016","AQS","420630005","1","0.01","ug/m3 LC",".","Shelocta","1","100.0000","14129","Lead (TSP) LC","26860","Indiana, PA","42","Pennsylvania","063","Indiana","40.652511","-79.292769",".","0.01"
"06/11/2016","AQS","420630005","1","0.01","ug/m3 LC",".","Shelocta","1","100.0000","14129","Lead (TSP) LC","26860","Indiana, PA","42","Pennsylvania","063","Indiana","40.652511","-79.292769",".","0.01"
"06/17/2016","AQS","420630005","1","0.01","ug/m3 LC",".","Shelocta","1","100.0000","14129","Lead (TSP) LC","26860","Indiana, PA","42","Pennsylvania","063","Indiana","40.652511","-79.292769",".","0.01"
"06/23/2016","AQS","420630005","1","0.01","ug/m3 LC",".","Shelocta","1","100.0000","14129","Lead (TSP) LC","26860","Indiana, PA","42","Pennsylvania","063","Indiana","40.652511","-79.292769",".","0.01"
"06/29/2016","AQS","420630005","1","0.01","ug/m3 LC",".","Shelocta","1","100.0000","14129","Lead (TSP) LC","26860","Indiana, PA","42","Pennsylvania","063","Indiana","40.652511","-79.292769",".","0.01"
"07/05/2016","AQS","420630005","1","0.01","ug/m3 LC",".","Shelocta","1","100.0000","14129","Lead (TSP) LC","26860","Indiana, PA","42","Pennsylvania","063","Indiana","40.652511","-79.292769",".","0.01"
"07/11/2016","AQS","420630005","1","0.01","ug/m3 LC",".","Shelocta","1","100.0000","14129","Lead (TSP) LC","26860","Indiana, PA","42","Pennsylvania","063","Indiana","40.652511","-79.292769",".","0.01"
"07/17/2016","AQS","420630005","1","0.01","ug/m3 LC",".","Shelocta","1","100.0000","14129","Lead (TSP) LC","26860","Indiana, PA","42","Pennsylvania","063","Indiana","40.652511","-79.292769",".","0.01"
"07/23/2016","AQS","420630005","1","0.01","ug/m3 LC",".","Shelocta","1","100.0000","14129","Lead (TSP) LC","26860","Indiana, PA","42","Pennsylvania","063","Indiana","40.652511","-79.292769",".","0.01"
"07/29/2016","AQS","420630005","1","0.01","ug/m3 LC",".","Shelocta","1","100.0000","14129","Lead (TSP) LC","26860","Indiana, PA","42","Pennsylvania","063","Indiana","40.652511","-79.292769",".","0.01"
"08/04/2016","AQS","420630005","1","0.01","ug/m3 LC",".","Shelocta","1","100.0000","14129","Lead (TSP) LC","26860","Indiana, PA","42","Pennsylvania","063","Indiana","40.652511","-79.292769",".","0.01"
"08/10/2016","AQS","420630005","1","0.015","ug/m3 LC",".","Shelocta","1","100.0000","14129","Lead (TSP) LC","26860","Indiana, PA","42","Pennsylvania","063","Indiana","40.652511","-79.292769",".","0.015"
"08/22/2016","AQS","420630005","1","0.01","ug/m3 LC",".","Shelocta","1","100.0000","14129","Lead (TSP) LC","26860","Indiana, PA","42","Pennsylvania","063","Indiana","40.652511","-79.292769",".","0.01"
"08/28/2016","AQS","420630005","1","0.01","ug/m3 LC",".","Shelocta","1","100.0000","14129","Lead (TSP) LC","26860","Indiana, PA","42","Pennsylvania","063","Indiana","40.652511","-79.292769",".","0.01"
"09/03/2016","AQS","420630005","1","0.01","ug/m3 LC",".","Shelocta","1","100.0000","14129","Lead (TSP) LC","26860","Indiana, PA","42","Pennsylvania","063","Indiana","40.652511","-79.292769",".","0.01"
"09/09/2016","AQS","420630005","1","0.01","ug/m3 LC",".","Shelocta","1","100.0000","14129","Lead (TSP) LC","26860","Indiana, PA","42","Pennsylvania","063","Indiana","40.652511","-79.292769",".","0.01"
"09/15/2016","AQS","420630005","1","0.01","ug/m3 LC",".","Shelocta","1","100.0000","14129","Lead (TSP) LC","26860","Indiana, PA","42","Pennsylvania","063","Indiana","40.652511","-79.292769",".","0.01"
"09/21/2016","AQS","420630005","1","0.01","ug/m3 LC",".","Shelocta","1","100.0000","14129","Lead (TSP) LC","26860","Indiana, PA","42","Pennsylvania","063","Indiana","40.652511","-79.292769",".","0.01"
"09/27/2016","AQS","420630005","1","0.01","ug/m3 LC",".","Shelocta","1","100.0000","14129","Lead (TSP) LC","26860","Indiana, PA","42","Pennsylvania","063","Indiana","40.652511","-79.292769",".","0.01"
"10/03/2016","AQS","420630005","1","0.01","ug/m3 LC",".","Shelocta","1","100.0000","14129","Lead (TSP) LC","26860","Indiana, PA","42","Pennsylvania","063","Indiana","40.652511","-79.292769",".","0.01"
"10/09/2016","AQS","420630005","1","0.01","ug/m3 LC",".","Shelocta","1","100.0000","14129","Lead (TSP) LC","26860","Indiana, PA","42","Pennsylvania","063","Indiana","40.652511","-79.292769",".","0.01"
"10/15/2016","AQS","420630005","1","0.01","ug/m3 LC",".","Shelocta","1","100.0000","14129","Lead (TSP) LC","26860","Indiana, PA","42","Pennsylvania","063","Indiana","40.652511","-79.292769",".","0.01"
"10/21/2016","AQS","420630005","1","0.01","ug/m3 LC",".","Shelocta","1","100.0000","14129","Lead (TSP) LC","26860","Indiana, PA","42","Pennsylvania","063","Indiana","40.652511","-79.292769",".","0.01"
"10/27/2016","AQS","420630005","1","0.01","ug/m3 LC",".","Shelocta","1","100.0000","14129","Lead (TSP) LC","26860","Indiana, PA","42","Pennsylvania","063","Indiana","40.652511","-79.292769",".","0.01"
"11/02/2016","AQS","420630005","1","0.01","ug/m3 LC",".","Shelocta","1","100.0000","14129","Lead (TSP) LC","26860","Indiana, PA","42","Pennsylvania","063","Indiana","40.652511","-79.292769",".","0.01"
"11/08/2016","AQS","420630005","1","0.01","ug/m3 LC",".","Shelocta","1","100.0000","14129","Lead (TSP) LC","26860","Indiana, PA","42","Pennsylvania","063","Indiana","40.652511","-79.292769",".","0.01"
"11/20/2016","AQS","420630005","1","0.01","ug/m3 LC",".","Shelocta","1","100.0000","14129","Lead (TSP) LC","26860","Indiana, PA","42","Pennsylvania","063","Indiana","40.652511","-79.292769",".","0.01"
"11/26/2016","AQS","420630005","1","0.01","ug/m3 LC",".","Shelocta","1","100.0000","14129","Lead (TSP) LC","26860","Indiana, PA","42","Pennsylvania","063","Indiana","40.652511","-79.292769",".","0.01"
"12/02/2016","AQS","420630005","1","0.01","ug/m3 LC",".","Shelocta","1","100.0000","14129","Lead (TSP) LC","26860","Indiana, PA","42","Pennsylvania","063","Indiana","40.652511","-79.292769",".","0.01"
"12/08/2016","AQS","420630005","1","0.01","ug/m3 LC",".","Shelocta","1","100.0000","14129","Lead (TSP) LC","26860","Indiana, PA","42","Pennsylvania","063","Indiana","40.652511","-79.292769",".","0.01"
"12/14/2016","AQS","420630005","1","0.01","ug/m3 LC",".","Shelocta","1","100.0000","14129","Lead (TSP) LC","26860","Indiana, PA","42","Pennsylvania","063","Indiana","40.652511","-79.292769",".","0.01"
"12/20/2016","AQS","420630005","1","0.01","ug/m3 LC",".","Shelocta","1","100.0000","14129","Lead (TSP) LC","26860","Indiana, PA","42","Pennsylvania","063","Indiana","40.652511","-79.292769",".","0.01"
"12/26/2016","AQS","420630005","1","0.01","ug/m3 LC",".","Shelocta","1","100.0000","14129","Lead (TSP) LC","26860","Indiana, PA","42","Pennsylvania","063","Indiana","40.652511","-79.292769",".","0.01"
"01/01/2017","AQS","420630005","1","0.01","ug/m3 LC",".","Shelocta","1","100.0000","14129","Lead (TSP) LC","26860","Indiana, PA","42","Pennsylvania","063","Indiana","40.652511","-79.292769",".","0.01"
"01/07/2017","AQS","420630005","1","0.01","ug/m3 LC",".","Shelocta","1","100.0000","14129","Lead (TSP) LC","26860","Indiana, PA","42","Pennsylvania","063","Indiana","40.652511","-79.292769",".","0.01"
"01/13/2017","AQS","420630005","1","0.01","ug/m3 LC",".","Shelocta","1","100.0000","14129","Lead (TSP) LC","26860","Indiana, PA","42","Pennsylvania","063","Indiana","40.652511","-79.292769",".","0.01"
"01/19/2017","AQS","420630005","1","0.01","ug/m3 LC",".","Shelocta","1","100.0000","14129","Lead (TSP) LC","26860","Indiana, PA","42","Pennsylvania","063","Indiana","40.652511","-79.292769",".","0.01"
"01/25/2017","AQS","420630005","1","0.01","ug/m3 LC",".","Shelocta","1","100.0000","14129","Lead (TSP) LC","26860","Indiana, PA","42","Pennsylvania","063","Indiana","40.652511","-79.292769",".","0.01"
"01/31/2017","AQS","420630005","1","0.01","ug/m3 LC",".","Shelocta","1","100.0000","14129","Lead (TSP) LC","26860","Indiana, PA","42","Pennsylvania","063","Indiana","40.652511","-79.292769",".","0.01"
"02/06/2017","AQS","420630005","1","0.01","ug/m3 LC",".","Shelocta","1","100.0000","14129","Lead (TSP) LC","26860","Indiana, PA","42","Pennsylvania","063","Indiana","40.652511","-79.292769",".","0.01"
"02/12/2017","AQS","420630005","1","0.01","ug/m3 LC",".","Shelocta","1","100.0000","14129","Lead (TSP) LC","26860","Indiana, PA","42","Pennsylvania","063","Indiana","40.652511","-79.292769",".","0.01"
"02/18/2017","AQS","420630005","1","0.01","ug/m3 LC",".","Shelocta","1","100.0000","14129","Lead (TSP) LC","26860","Indiana, PA","42","Pennsylvania","063","Indiana","40.652511","-79.292769",".","0.01"
"02/24/2017","AQS","420630005","1","0.01","ug/m3 LC",".","Shelocta","1","100.0000","14129","Lead (TSP) LC","26860","Indiana, PA","42","Pennsylvania","063","Indiana","40.652511","-79.292769",".","0.01"
"03/02/2017","AQS","420630005","1","0.01","ug/m3 LC",".","Shelocta","1","100.0000","14129","Lead (TSP) LC","26860","Indiana, PA","42","Pennsylvania","063","Indiana","40.652511","-79.292769",".","0.01"
"03/08/2017","AQS","420630005","1","0.01","ug/m3 LC",".","Shelocta","1","100.0000","14129","Lead (TSP) LC","26860","Indiana, PA","42","Pennsylvania","063","Indiana","40.652511","-79.292769",".","0.01"
"03/14/2017","AQS","420630005","1","0.01","ug/m3 LC",".","Shelocta","1","100.0000","14129","Lead (TSP) LC","26860","Indiana, PA","42","Pennsylvania","063","Indiana","40.652511","-79.292769",".","0.01"
"03/20/2017","AQS","420630005","1","0.01","ug/m3 LC",".","Shelocta","1","100.0000","14129","Lead (TSP) LC","26860","Indiana, PA","42","Pennsylvania","063","Indiana","40.652511","-79.292769",".","0.01"
"03/26/2017","AQS","420630005","1","0.01","ug/m3 LC",".","Shelocta","1","100.0000","14129","Lead (TSP) LC","26860","Indiana, PA","42","Pennsylvania","063","Indiana","40.652511","-79.292769",".","0.01"
